1,Alpha,6656 Tomscot Lane,729
2,Zontrax,1393 Heath Junction,667
3,Greenlam,1 Ridge Oak Junction,74
4,Treeflex,92440 Pankratz Parkway,222
5,Zontrax,9 Burning Wood Court,672
6,Prodder,61 Clyde Gallagher Trail,909
7,Konklab,62911 Hauk Terrace,929
8,Transcof,3191 Farmco Court,389
9,Konklux,16 Hoard Plaza,133
10,Stim,5804 Nobel Lane,701
11,Bitwolf,48601 Crowley Junction,696
12,Bytecard,13 Clove Lane,507
13,Flexidy,69989 Esch Avenue,471
14,Kanlam,72 Summer Ridge Crossing,453
15,Aerified,9529 Little Fleur Lane,24
16,Tin,522 Haas Point,743
17,Job,44504 Graedel Point,197
18,Lotstring,10225 Bashford Hill,754
19,Bigtax,3 Dexter Road,286
20,Fixflex,11 Ilene Plaza,243
21,Prodder,2 Express Trail,97
22,Zamit,0353 Barnett Parkway,44
23,Bamity,630 Merchant Circle,563
24,Keylex,90963 Gina Terrace,860
25,Cardify,078 8th Road,839
26,Namfix,32 Northport Point,189
27,Latlux,88 Valley Edge Park,635
28,Cardify,6 Corben Place,912
29,Toughjoyfax,2 Thompson Center,85
30,Vagram,31103 Crowley Court,756
31,Trippledex,7170 Spenser Court,893
32,Stringtough,4288 School Crossing,986
33,Fixflex,1749 Division Junction,780
34,Sonair,2513 Duke Hill,278
35,Zaam-Dox,2 Hintze Parkway,497
36,Tin,7268 Mosinee Court,536
37,Vagram,1689 Clyde Gallagher Crossing,758
38,Asoka,19 Chive Pass,744
39,Cardify,014 Thompson Street,596
40,Job,15 Blaine Plaza,850
41,Transcof,91001 Marcy Terrace,640
42,Duobam,6653 Little Fleur Center,495
43,Greenlam,518 Sunnyside Way,323
44,Viva,6 Kinsman Lane,804
45,Trippledex,236 Artisan Way,178
46,Domainer,9661 Truax Circle,927
47,Bitchip,7886 Rutledge Avenue,298
48,Cardguard,98 Memorial Drive,819
49,Tampflex,45 Roth Pass,633
50,Bytecard,2233 Pierstorff Avenue,187
51,Fintone,0965 Pearson Point,920
52,Zamit,33 Rockefeller Circle,654
53,Cardify,28278 Rigney Street,381
54,Transcof,80 Anderson Circle,243
55,Cardify,8507 Farwell Lane,545
56,Sub-Ex,1625 Union Crossing,995
57,Zontrax,492 Maywood Lane,315
58,Greenlam,5191 Farwell Terrace,522
59,Pannier,742 Marquette Junction,663
60,Fixflex,921 Vera Circle,603
61,Konklux,72 Elka Pass,938
62,Tempsoft,465 Mayfield Parkway,597
63,Voyatouch,360 Pankratz Lane,171
64,Tres-Zap,3 Cherokee Avenue,720
65,Tin,67 Springview Plaza,148
66,Aerified,7187 Vermont Point,288
67,Ronstring,651 Chive Crossing,10
68,It,945 Westport Way,649
69,Zontrax,37683 Susan Point,4
70,Zoolab,99 Canary Parkway,39
71,Opela,2 Dwight Street,354
72,Hatity,68 Pond Way,323
73,Namfix,16 John Wall Court,4
74,Job,10661 Farwell Junction,587
75,Sonsing,16213 Mifflin Point,478
76,Aerified,95378 Warrior Park,786
77,Fintone,0437 Ryan Park,487
78,Mat Lam Tam,7617 Riverside Lane,318
79,Span,4860 Caliangt Terrace,888
80,Home Ing,5 Clemons Park,41
81,Bytecard,7763 Norway Maple Parkway,949
82,Transcof,67 Sage Way,863
83,Zoolab,5 Lindbergh Plaza,660
84,Fintone,75639 Saint Paul Place,86
85,Zamit,97 Spaight Hill,641
86,Transcof,9101 Rigney Trail,454
87,Tresom,72136 Rowland Street,695
88,Konklux,49 Memorial Pass,276
89,Fix San,76 Dwight Alley,347
90,Konklux,02 Cordelia Crossing,225
91,Opela,041 Sugar Way,148
92,Pannier,5 Weeping Birch Lane,481
93,Greenlam,27045 8th Court,387
94,Redhold,52269 Shopko Trail,605
95,Bitchip,7 New Castle Lane,497
96,Vagram,24156 Stone Corner Crossing,368
97,Vagram,00228 Surrey Place,372
98,Sonair,5 Monica Terrace,380
99,Viva,53 Esch Trail,115
100,Cookley,767 Golf View Parkway,456
101,Duobam,1634 Maryland Way,607
102,Toughjoyfax,50558 Mallard Alley,448
103,Vagram,8051 Porter Pass,5
104,Zoolab,0616 Green Ridge Plaza,788
105,Aerified,53376 Paget Parkway,396
106,Duobam,51 Annamark Parkway,925
107,Cardguard,0 Kingsford Point,63
108,Bigtax,02 Daystar Junction,349
109,Voltsillam,246 Shasta Way,173
110,Gembucket,989 Shoshone Circle,440
111,Solarbreeze,3 Wayridge Alley,76
112,Holdlamis,71433 Mccormick Trail,374
113,Voltsillam,4437 Waubesa Plaza,777
114,Bytecard,0 Utah Park,15
115,Overhold,000 Troy Plaza,43
116,Temp,586 Stoughton Point,890
117,Namfix,5 Vahlen Court,377
118,Duobam,49038 Village Green Junction,825
119,Flexidy,9187 Drewry Road,107
120,Subin,5200 Lakewood Gardens Alley,511
121,Bitwolf,42 Golf Course Court,536
122,Treeflex,73592 Oak Drive,494
123,Solarbreeze,090 Marcy Court,752
124,Alpha,955 Lukken Place,4
125,Subin,8 Pond Park,89
126,Sonsing,434 South Trail,951
127,Viva,217 Anderson Plaza,933
128,Temp,000 Milwaukee Plaza,410
129,Domainer,20814 Steensland Terrace,866
130,Domainer,104 Grayhawk Street,660
131,Kanlam,59307 Dexter Trail,818
132,Zontrax,5 Northwestern Lane,966
133,Overhold,8 Service Trail,866
134,Konklab,14495 Scott Place,148
135,Overhold,6 Center Circle,290
136,Lotlux,6 Northridge Hill,731
137,Overhold,09172 Northfield Circle,160
138,Mat Lam Tam,49543 Village Lane,445
139,Cardguard,2 Sugar Pass,154
140,Voltsillam,2822 Hanover Junction,755
141,Ventosanzap,92486 Corry Crossing,490
142,Duobam,29696 Superior Parkway,447
143,Asoka,45 Mesta Lane,876
144,It,30519 Surrey Parkway,638
145,Lotlux,0 Mallard Alley,222
146,Flowdesk,883 Summer Ridge Pass,811
147,Cookley,3125 Portage Center,630
148,Tempsoft,932 Shopko Trail,31
149,Holdlamis,36672 Roxbury Park,82
150,Andalax,86 Hazelcrest Pass,132
151,Solarbreeze,2157 Fulton Park,70
152,Fix San,10 Kenwood Street,614
153,Voltsillam,02 Merry Circle,921
154,Sonsing,41243 Northland Plaza,748
155,Home Ing,80 Ridgeview Way,795
156,Namfix,66 Lawn Street,847
157,Namfix,253 Riverside Pass,972
158,Tin,17530 Esker Circle,388
159,Lotstring,3963 Homewood Lane,173
160,Zaam-Dox,3149 Hauk Place,789
161,Asoka,69 Blaine Center,304
162,Domainer,241 Comanche Road,504
163,Job,6 Loftsgordon Terrace,40
164,Bitchip,6319 Kim Plaza,127
165,Konklux,16651 Hintze Avenue,29
166,Voltsillam,718 Dottie Road,299
167,Ronstring,603 Alpine Way,435
168,Ventosanzap,05599 Transport Center,652
169,Fixflex,505 South Plaza,609
170,Alpha,69608 Anthes Crossing,252
171,Y-Solowarm,990 Ruskin Point,733
172,Cookley,523 Dunning Trail,953
173,Gembucket,5 Doe Crossing Court,900
174,Kanlam,6367 Duke Parkway,739
175,Treeflex,227 6th Street,62
176,Mat Lam Tam,020 Tony Drive,554
177,Sonsing,450 Surrey Alley,337
178,Rank,664 Johnson Parkway,268
179,Duobam,93877 Claremont Place,396
180,Wrapsafe,4420 Jackson Circle,944
181,Tres-Zap,927 Burning Wood Parkway,19
182,Stringtough,30 Scofield Center,752
183,Prodder,558 Hermina Trail,80
184,Zathin,34469 Messerschmidt Parkway,999
185,Tampflex,46089 Ronald Regan Park,378
186,Stringtough,367 Sutherland Parkway,761
187,Flexidy,2 Stephen Lane,464
188,Overhold,356 Gina Crossing,969
189,Aerified,43 Grayhawk Pass,881
190,Cardify,14 International Plaza,68
191,Tempsoft,15 Dayton Circle,55
192,Fix San,1 Cambridge Way,623
193,Y-Solowarm,0184 Londonderry Terrace,543
194,Pannier,2338 Merry Lane,394
195,Biodex,3976 Straubel Circle,199
196,Mat Lam Tam,39943 Hovde Junction,217
197,Flexidy,273 Katie Drive,417
198,Sub-Ex,81079 Alpine Center,28
199,Prodder,1523 Arrowood Parkway,842
200,Cardguard,225 Becker Alley,192
201,Pannier,9129 Dexter Street,831
202,Rank,5 Golf Course Street,786
203,Sub-Ex,8 Scott Street,768
204,Voltsillam,535 Red Cloud Drive,275
205,It,10 Duke Circle,204
206,Cookley,381 Declaration Terrace,722
207,Hatity,722 Troy Street,494
208,Mat Lam Tam,853 Oneill Parkway,84
209,Domainer,734 Longview Avenue,219
210,Cardguard,7600 Esker Junction,519
211,Y-find,5646 Sycamore Point,966
212,Fintone,790 Pearson Alley,382
213,Tres-Zap,0 Mayfield Crossing,937
214,Prodder,6 Thierer Circle,232
215,Regrant,01 2nd Parkway,855
216,Quo Lux,38 New Castle Road,276
217,Y-Solowarm,47405 Namekagon Hill,925
218,Toughjoyfax,8 Ludington Avenue,215
219,Bigtax,44976 Dovetail Parkway,407
220,Solarbreeze,5585 Oakridge Park,30
221,Ronstring,13 Morningstar Junction,503
222,Bitwolf,01041 Debs Way,146
223,Veribet,07439 Sullivan Center,204
224,Flexidy,67 Tony Court,508
225,Quo Lux,3219 Kings Lane,17
226,Fix San,1249 Reindahl Plaza,489
227,Greenlam,93 Bayside Point,226
228,Otcom,53591 Cascade Lane,725
229,Wrapsafe,38 Aberg Crossing,175
230,Flowdesk,21 Tony Crossing,415
231,Voyatouch,01147 Farwell Parkway,541
232,Namfix,449 Johnson Parkway,661
233,Bamity,7911 Ruskin Terrace,689
234,Regrant,59 Gerald Drive,778
235,Zontrax,9 Hagan Place,506
236,Matsoft,0403 Lawn Drive,42
237,Span,2458 Ludington Avenue,341
238,Biodex,4 Michigan Terrace,793
239,Latlux,77206 East Street,402
240,Opela,3 Warrior Terrace,371
241,Voyatouch,4 Butternut Avenue,967
242,Asoka,731 Pearson Junction,509
243,Rank,79 Mccormick Trail,320
244,Namfix,2 Straubel Point,694
245,Opela,1 Atwood Way,665
246,Flexidy,38637 Utah Trail,906
247,Otcom,4 Florence Road,105
248,Fixflex,445 Banding Parkway,860
249,Bigtax,8739 Glacier Hill Parkway,806
250,Zamit,34 Vera Drive,944
251,Opela,1 Muir Trail,501
252,Tempsoft,3 Portage Road,543
253,Zontrax,7007 Banding Lane,151
254,Aerified,08 Helena Pass,267
255,Cardify,929 Oakridge Street,154
256,Y-find,23 Eggendart Parkway,697
257,Tin,222 Logan Hill,891
258,Tampflex,91 Messerschmidt Pass,888
259,Matsoft,04464 Montana Avenue,917
260,Alphazap,8172 Mitchell Lane,889
261,Bamity,44580 Village Park,372
262,Transcof,3568 Macpherson Park,804
263,Konklux,6 Sullivan Drive,276
264,Toughjoyfax,07 Golf View Junction,976
265,Tampflex,38 Carpenter Drive,176
266,Regrant,832 Continental Way,669
267,Holdlamis,896 Eggendart Junction,888
268,Solarbreeze,0036 Sutteridge Trail,436
269,Konklab,10800 Waubesa Trail,910
270,Bitchip,2 Declaration Lane,317
271,Fintone,9 Brickson Park Trail,271
272,Y-find,9 Raven Point,316
273,Duobam,35712 Sutherland Center,709
274,Prodder,023 Manley Way,269
275,Voltsillam,82 Algoma Way,807
276,Tin,84 Muir Park,848
277,Stim,7 Oneill Trail,852
278,Home Ing,997 Bluestem Hill,757
279,Quo Lux,86 Di Loreto Trail,839
280,Mat Lam Tam,4 Mendota Point,495
281,Y-find,0671 Michigan Junction,740
282,Viva,957 American Junction,371
283,Cardify,8 Derek Plaza,206
284,Zontrax,89917 Tomscot Pass,799
285,Tres-Zap,64 Arizona Avenue,424
286,Fix San,242 Homewood Point,710
287,Ventosanzap,9964 Sloan Place,688
288,Bytecard,985 Towne Drive,589
289,Stringtough,24929 Monument Alley,462
290,Voyatouch,1 Judy Plaza,389
291,Tampflex,47 Reindahl Way,949
292,Alphazap,94 Morning Point,347
293,Redhold,904 American Drive,988
294,Fixflex,0 Barnett Lane,715
295,Konklux,52605 Anderson Court,850
296,Lotstring,1 Jay Circle,711
297,Veribet,1 Kennedy Street,513
298,Temp,5 Buena Vista Trail,945
299,Aerified,05318 Rutledge Terrace,83
300,Asoka,46 Debs Parkway,909
301,Regrant,56 Center Circle,151
302,Latlux,1244 Starling Lane,217
303,Hatity,4899 Harper Crossing,660
304,Keylex,3890 Melrose Junction,717
305,Flexidy,80 Loftsgordon Street,414
306,Trippledex,633 Farwell Road,217
307,Fintone,8917 Fair Oaks Circle,789
308,Asoka,3141 Warbler Road,712
309,Latlux,34 Commercial Place,48
310,Duobam,064 Fremont Crossing,348
311,Regrant,63476 Stang Place,306
312,Job,80835 Sullivan Terrace,269
313,Alphazap,904 Anzinger Place,971
314,Stringtough,3 Northfield Lane,861
315,Flowdesk,37 Montana Street,713
316,Tresom,794 Knutson Avenue,46
317,Cardguard,1010 Rieder Terrace,926
318,Lotlux,88 Mifflin Plaza,456
319,Sonsing,3869 Packers Pass,554
320,Matsoft,9716 Crownhardt Lane,79
321,Tin,7 Transport Avenue,342
322,Transcof,5371 Michigan Parkway,637
323,Treeflex,91 7th Lane,552
324,Domainer,9960 Del Sol Street,745
325,Hatity,71588 Burrows Court,111
326,Hatity,4 Raven Court,106
327,Alpha,26693 Duke Point,666
328,Wrapsafe,0432 Vermont Road,683
329,Aerified,51 Myrtle Court,155
330,Overhold,16 Sunnyside Place,330
331,Ronstring,95928 Del Mar Junction,495
332,Tresom,684 Warbler Plaza,605
333,Overhold,32 Luster Place,487
334,Hatity,8876 Fulton Avenue,742
335,Stringtough,63284 Pleasure Street,730
336,Job,95 Stang Pass,862
337,Otcom,4872 Bluejay Way,948
338,Treeflex,63741 Ohio Circle,211
339,Trippledex,93571 Esch Plaza,108
340,Aerified,5226 Lukken Lane,465
341,Fix San,44 Chinook Center,758
342,Subin,445 Lillian Lane,279
343,Duobam,3 Dottie Drive,929
344,Ventosanzap,38209 Brentwood Way,153
345,Y-find,3 Shoshone Parkway,384
346,Temp,1 Erie Drive,8
347,Temp,05308 Talisman Road,318
348,Latlux,2317 Montana Court,510
349,Treeflex,1 Fallview Lane,326
350,Sub-Ex,97253 Hermina Avenue,488
351,Treeflex,1 2nd Alley,782
352,Biodex,9214 Columbus Hill,375
353,Toughjoyfax,5 Parkside Hill,999
354,Kanlam,6332 Main Alley,616
355,Domainer,08 Anderson Plaza,748
356,Tin,8 Straubel Street,191
357,Opela,940 Monument Avenue,788
358,Bigtax,8674 Gale Crossing,678
359,Zathin,74150 6th Road,348
360,Quo Lux,57860 Fremont Trail,33
361,Vagram,11 Hudson Drive,560
362,Keylex,62 Mesta Center,695
363,It,30699 Mariners Cove Alley,695
364,Holdlamis,745 3rd Way,661
365,Y-find,23938 Center Street,80
366,Mat Lam Tam,0 Ruskin Plaza,138
367,Home Ing,117 6th Road,302
368,Flexidy,1129 Lukken Park,634
369,Tempsoft,394 Scofield Park,135
370,Lotstring,6 Acker Hill,498
371,Duobam,60731 Southridge Center,292
372,Cardify,32371 Welch Circle,400
373,Tres-Zap,4113 Nova Way,475
374,Konklux,16 Everett Trail,308
375,Hatity,21861 4th Hill,200
376,Zamit,69407 Esker Road,318
377,Veribet,77 Green Parkway,664
378,Keylex,1 Cambridge Center,615
379,Sonsing,84 Meadow Valley Street,117
380,Lotstring,9563 Pepper Wood Crossing,844
381,Job,986 Jana Place,278
382,Stim,93520 Green Ridge Road,255
383,Mat Lam Tam,7751 Northport Circle,521
384,Lotlux,649 Basil Road,507
385,Home Ing,253 Darwin Lane,924
386,Tres-Zap,59704 Roth Road,166
387,Andalax,8006 Waywood Drive,653
388,Subin,3409 Chinook Hill,80
389,Flowdesk,8158 Barnett Parkway,750
390,Vagram,1894 Lakewood Gardens Alley,56
391,Sub-Ex,2580 Grover Avenue,694
392,It,96 East Alley,663
393,Sonair,47 Northport Pass,869
394,Vagram,975 Northview Hill,784
395,Kanlam,100 Novick Parkway,598
396,Bamity,3865 Messerschmidt Way,280
397,Latlux,6 Warner Pass,826
398,Redhold,0888 Burrows Court,56
399,Greenlam,7199 Acker Place,997
400,Ventosanzap,15249 Loeprich Circle,568
401,Stringtough,7 Rieder Hill,615
402,Mat Lam Tam,7830 Dayton Terrace,676
403,Stronghold,70 Colorado Plaza,924
404,Gembucket,45046 Morning Avenue,735
405,Stim,4 Cambridge Alley,259
406,Tempsoft,3 Buell Terrace,799
407,Bigtax,3 Union Court,735
408,Treeflex,009 Anhalt Way,486
409,Kanlam,94 Corry Terrace,801
410,Zaam-Dox,4 Gulseth Lane,972
411,Zamit,178 Prairie Rose Lane,636
412,Subin,7 Declaration Center,506
413,Stronghold,9 Banding Court,810
414,Sonsing,46912 Truax Center,562
415,Solarbreeze,4948 Corben Road,384
416,Domainer,97649 Logan Alley,148
417,Ronstring,30441 Oneill Hill,135
418,Zontrax,9605 Fordem Hill,271
419,Ventosanzap,49 Kennedy Circle,452
420,Tin,17767 Tennessee Junction,226
421,Ronstring,97 Erie Parkway,150
422,Job,4 Walton Junction,703
423,Voyatouch,59 Continental Court,546
424,Keylex,070 Express Center,560
425,Cookley,41660 Northport Hill,969
426,Mat Lam Tam,889 Prentice Pass,326
427,Kanlam,5036 Ridgeview Lane,664
428,Tresom,7749 Tennessee Lane,942
429,Fix San,9717 American Hill,956
430,Sonsing,940 Barby Road,578
431,Zontrax,996 Everett Road,253
432,Holdlamis,921 Northland Pass,194
433,Domainer,515 Manufacturers Parkway,788
434,Bamity,991 Westend Plaza,692
435,Trippledex,15998 Gateway Center,16
436,Tampflex,3135 Bellgrove Plaza,242
437,Zaam-Dox,551 Riverside Park,600
438,Konklux,57161 Rieder Point,951
439,Stringtough,06 Novick Drive,54
440,Quo Lux,1484 Pond Crossing,448
441,Tresom,0 Sunfield Terrace,505
442,Lotlux,7791 American Ash Junction,855
443,Konklux,73 Welch Terrace,93
444,Flowdesk,78 American Ash Circle,726
445,Andalax,40748 Arrowood Center,796
446,Sub-Ex,3 Debra Point,530
447,Tin,2900 Clove Way,814
448,Stim,7286 Canary Center,286
449,Sub-Ex,4914 Fairfield Point,927
450,Sub-Ex,63 Farmco Parkway,286
451,Fintone,2101 Twin Pines Court,385
452,Zamit,7 Armistice Way,647
453,Temp,6 1st Hill,123
454,Bitchip,7 Magdeline Crossing,607
455,Gembucket,290 Stoughton Place,5
456,Trippledex,07 Bellgrove Circle,482
457,Kanlam,76 Sauthoff Way,386
458,Flexidy,1 Northwestern Avenue,816
459,Tresom,9 Maple Wood Way,546
460,Sonair,13 Boyd Avenue,45
461,Solarbreeze,9872 Dakota Road,958
462,Alphazap,52 Troy Center,220
463,Job,24624 Crescent Oaks Drive,607
464,Stim,00201 Ridgeway Drive,824
465,Solarbreeze,08 Homewood Avenue,419
466,Ventosanzap,365 Victoria Center,283
467,Matsoft,7 Bluejay Drive,230
468,Viva,200 Northwestern Road,943
469,Trippledex,285 Crest Line Pass,608
470,Lotlux,42 Golf Course Pass,51
471,Treeflex,83 Spenser Alley,907
472,Fixflex,6920 Randy Junction,907
473,Viva,56 Arkansas Pass,662
474,Kanlam,2 Pond Street,592
475,Quo Lux,184 Esch Plaza,690
476,Span,5 Eagle Crest Drive,326
477,Matsoft,4006 Mallard Point,829
478,Redhold,8 Melrose Road,16
479,Sub-Ex,3 Dottie Place,144
480,Zathin,02 Anhalt Way,645
481,Mat Lam Tam,5 Judy Way,964
482,Cardguard,4770 Nelson Alley,855
483,Stronghold,2 Claremont Plaza,809
484,Solarbreeze,8868 Dahle Lane,51
485,Wrapsafe,48 Huxley Avenue,269
486,Ronstring,8637 Kinsman Street,476
487,Alpha,41171 Hanover Terrace,47
488,Home Ing,550 Talmadge Circle,524
489,Keylex,93531 Lakewood Gardens Circle,403
490,Konklab,6518 Nelson Circle,121
491,Mat Lam Tam,412 Blue Bill Park Court,144
492,Bigtax,64 Dottie Drive,963
493,Overhold,6901 Homewood Circle,381
494,Stringtough,28199 Ludington Plaza,419
495,Konklab,927 Ridgeview Drive,947
496,Rank,97884 Sugar Street,271
497,Hatity,84436 Truax Alley,929
498,Sub-Ex,26931 John Wall Drive,232
499,Zontrax,682 Victoria Trail,275
500,Zaam-Dox,564 Mcbride Place,407
501,Otcom,5 West Junction,881
502,Lotstring,5 Derek Plaza,521
503,Holdlamis,145 Pond Park,239
504,Ventosanzap,304 Warrior Drive,205
505,Temp,807 Saint Paul Alley,479
506,Tresom,1927 Forest Dale Crossing,304
507,Sonair,5418 South Plaza,863
508,Sonair,83708 Rowland Place,148
509,Bitwolf,79 Badeau Alley,571
510,Pannier,19788 Pawling Parkway,183
511,Tempsoft,3572 Tomscot Drive,543
512,Ronstring,8025 Memorial Alley,866
513,Zathin,3 Holmberg Way,464
514,Stringtough,962 Killdeer Trail,176
515,Temp,223 Ohio Park,515
516,Zathin,2 Hoepker Alley,630
517,Flowdesk,6 Village Point,210
518,Asoka,1 Northland Avenue,887
519,Tampflex,6797 Nova Trail,736
520,Y-Solowarm,943 Rieder Junction,8
521,Span,2 Holmberg Drive,539
522,Daltfresh,042 Glendale Court,800
523,Regrant,1 Schlimgen Plaza,58
524,Lotlux,84509 American Street,938
525,Home Ing,55 Superior Hill,835
526,Lotlux,14856 West Junction,635
527,Toughjoyfax,2399 Clyde Gallagher Alley,632
528,Regrant,6 Burrows Road,421
529,Daltfresh,63 Bashford Terrace,99
530,Lotlux,17503 4th Point,874
531,Job,3517 Dapin Pass,41
532,Alphazap,3468 Ridgeway Hill,370
533,Matsoft,7 Crescent Oaks Road,606
534,Subin,930 Kingsford Terrace,561
535,Cardify,4 Mayfield Drive,232
536,Y-Solowarm,1763 Sullivan Park,841
537,Aerified,35882 Sauthoff Road,922
538,Kanlam,2875 Butternut Hill,567
539,Stim,4 Dorton Street,488
540,Regrant,941 Basil Circle,751
541,Duobam,2661 Shoshone Lane,858
542,Sub-Ex,3 Scoville Alley,791
543,Kanlam,36 Farmco Way,458
544,Pannier,36801 Bultman Parkway,583
545,Alphazap,1772 Cottonwood Court,775
546,Tres-Zap,40703 Hooker Terrace,32
547,Voltsillam,9674 Oriole Crossing,2
548,Redhold,74 David Place,47
549,Otcom,91 Moose Plaza,283
550,Alpha,659 Longview Park,553
551,Zamit,54678 Sauthoff Plaza,97
552,Asoka,9 Del Mar Alley,919
553,Job,1 Clyde Gallagher Place,351
554,Regrant,6112 Bowman Pass,743
555,Greenlam,5 Summerview Parkway,19
556,Zathin,24 Gulseth Park,578
557,Hatity,475 Butterfield Road,681
558,Opela,0286 Crownhardt Trail,359
559,Regrant,957 Leroy Pass,352
560,Hatity,4 Namekagon Hill,106
561,Tin,83452 Nelson Parkway,322
562,Voyatouch,72 Sundown Alley,186
563,Sub-Ex,3 Tennyson Road,613
564,Matsoft,005 Judy Street,935
565,Otcom,7 Glendale Pass,305
566,Sub-Ex,759 Anhalt Lane,596
567,Alpha,6 Charing Cross Trail,372
568,Y-find,586 Sachs Place,897
569,Ventosanzap,801 1st Avenue,100
570,Treeflex,93 Mayfield Drive,943
571,Latlux,825 Eagan Avenue,677
572,Gembucket,424 Amoth Alley,629
573,Alphazap,86902 Oak Drive,846
574,Lotstring,78588 Brickson Park Avenue,635
575,Bitchip,928 Division Circle,584
576,Cookley,2 Northwestern Pass,731
577,Job,86 Blue Bill Park Avenue,50
578,Tampflex,5 Dennis Parkway,358
579,Voyatouch,47 Grasskamp Place,40
580,Opela,22550 Ruskin Point,840
581,Cardify,4752 Bay Circle,922
582,Quo Lux,40095 Eagan Trail,990
583,Regrant,720 Elka Terrace,529
584,Span,5722 Pierstorff Road,702
585,Flexidy,9147 Quincy Court,96
586,Span,90708 Pond Junction,752
587,Vagram,0966 Lotheville Place,558
588,Prodder,7615 Russell Way,909
589,Y-Solowarm,1 Farmco Road,92
590,Zathin,794 Fisk Pass,559
591,It,4 Porter Circle,639
592,Regrant,3648 Bluestem Crossing,400
593,It,9012 Nobel Junction,978
594,Stringtough,1 Dixon Alley,560
595,Tin,07576 Laurel Terrace,580
596,Stim,87 American Ash Place,677
597,Greenlam,1 Prairie Rose Alley,518
598,Hatity,52 International Center,471
599,Redhold,0293 Gale Lane,72
600,Fintone,548 New Castle Road,288
601,Sub-Ex,2 Hazelcrest Junction,397
602,Temp,06686 Gerald Trail,682
603,It,24 Westridge Trail,39
604,Mat Lam Tam,6 Karstens Hill,196
605,Aerified,4259 Dryden Point,369
606,Sonsing,40 Ruskin Point,624
607,Home Ing,698 Declaration Place,146
608,Biodex,72361 High Crossing Alley,788
609,Y-Solowarm,28 Merrick Junction,444
610,Biodex,6 Eagan Road,136
611,Mat Lam Tam,0 Scoville Drive,601
612,Redhold,73227 Weeping Birch Avenue,612
613,Treeflex,8 Melody Point,130
614,Solarbreeze,383 Redwing Circle,53
615,Trippledex,63969 Namekagon Street,938
616,Toughjoyfax,000 Spenser Center,652
617,Regrant,7 Moulton Point,888
618,Veribet,2 Atwood Street,445
619,Tampflex,29717 Dennis Point,49
620,Y-find,89 Dixon Terrace,791
621,Otcom,1850 Trailsway Lane,320
622,Y-find,0997 Oxford Way,508
623,Aerified,5 Gateway Crossing,177
624,Tres-Zap,7 Menomonie Plaza,393
625,Rank,83216 Michigan Junction,868
626,Alphazap,450 Harbort Court,827
627,Zathin,603 Aberg Plaza,446
628,Zontrax,449 Kenwood Plaza,482
629,Matsoft,68 Ridgeview Circle,280
630,Rank,086 Vernon Place,56
631,Prodder,2 Dayton Parkway,786
632,Lotstring,32 Waubesa Trail,162
633,Andalax,3604 Corscot Street,849
634,Voyatouch,26 Morningstar Drive,64
635,Voltsillam,640 Upham Crossing,456
636,Zoolab,6 Canary Junction,137
637,Hatity,59557 Service Parkway,251
638,Cookley,3 Pine View Pass,714
639,Transcof,26423 Mendota Parkway,500
640,Bamity,09 Fisk Street,167
641,Transcof,997 Messerschmidt Terrace,257
642,Span,942 Norway Maple Pass,234
643,Cardify,999 Stone Corner Parkway,777
644,Cardify,43888 Pierstorff Crossing,471
645,Stringtough,195 Tony Plaza,544
646,Wrapsafe,4 Cardinal Point,84
647,Flexidy,591 Shoshone Court,89
648,Gembucket,44028 Hanson Street,160
649,Andalax,10 Carioca Drive,168
650,Subin,9 Claremont Parkway,544
651,Zontrax,989 Waywood Trail,637
652,Subin,16 Anniversary Park,780
653,Pannier,090 Jackson Trail,180
654,Zontrax,0 Mayer Trail,109
655,Daltfresh,92 Loomis Court,507
656,Treeflex,91422 Northfield Center,467
657,Sub-Ex,30154 Garrison Junction,515
658,Home Ing,3 American Ash Lane,670
659,It,8894 Miller Place,673
660,Transcof,31 Spenser Center,596
661,Alphazap,0 Porter Hill,257
662,Veribet,86 Mccormick Terrace,790
663,Konklab,96161 Fairfield Terrace,918
664,Tresom,25 Rieder Crossing,622
665,Holdlamis,3 Farwell Crossing,978
666,Hatity,67642 Oak Road,898
667,Y-find,94343 Sachs Parkway,410
668,Prodder,82 Corben Lane,804
669,Latlux,9977 Brentwood Avenue,451
670,Y-Solowarm,347 Eastlawn Circle,479
671,Duobam,8 Coleman Plaza,735
672,Duobam,2812 Summerview Center,423
673,Temp,72359 Fieldstone Lane,496
674,Toughjoyfax,9636 Granby Way,120
675,Greenlam,56204 Mariners Cove Drive,460
676,Tin,23 Bluestem Way,318
677,Duobam,24 Northwestern Court,217
678,Voyatouch,0 Randy Plaza,13
679,Holdlamis,54 Dexter Parkway,67
680,Lotstring,4 Village Green Circle,81
681,Alpha,114 Bowman Place,352
682,Transcof,5083 Tennessee Way,496
683,It,10544 Grim Parkway,308
684,Domainer,60052 Hayes Court,47
685,Lotstring,2936 Fulton Way,399
686,Pannier,499 Roxbury Drive,931
687,Greenlam,296 Orin Way,250
688,Y-find,82490 West Point,515
689,Prodder,6 Homewood Trail,720
690,Voyatouch,9 Red Cloud Place,550
691,Wrapsafe,707 Dunning Pass,778
692,Treeflex,0787 Milwaukee Hill,999
693,Asoka,57 Bluestem Road,244
694,Biodex,5 Milwaukee Pass,607
695,Biodex,61 Elka Place,659
696,Span,5747 Golf Course Drive,602
697,Tresom,6 Hintze Crossing,957
698,Solarbreeze,3 Porter Way,338
699,Konklab,7 Katie Lane,526
700,Gembucket,21979 Shelley Parkway,861
701,Subin,60 Dexter Center,376
702,Tresom,4 Tennyson Pass,741
703,Transcof,7 Hoffman Terrace,318
704,Ventosanzap,27641 Golf View Point,280
705,Keylex,042 Caliangt Alley,73
706,Alpha,90535 Kenwood Avenue,783
707,Andalax,4 Shelley Center,168
708,Ventosanzap,1 Emmet Place,453
709,Fixflex,35 Eggendart Drive,226
710,Lotlux,3 Anhalt Street,955
711,Namfix,5 Mcguire Place,272
712,Ronstring,80 Dunning Avenue,522
713,Sub-Ex,516 Russell Road,578
714,Y-Solowarm,6692 Lakewood Gardens Alley,64
715,Mat Lam Tam,61053 Troy Avenue,408
716,Konklux,04541 Hoard Terrace,548
717,Sub-Ex,71910 Crownhardt Road,88
718,Stronghold,57 Troy Lane,85
719,Stim,44 Butternut Terrace,794
720,Voyatouch,5 Sloan Parkway,105
721,Fintone,81290 Oak Parkway,440
722,Stronghold,2021 Stone Corner Drive,86
723,Flexidy,983 Mendota Alley,950
724,Bitwolf,2317 Granby Park,83
725,Holdlamis,3961 Corry Street,884
726,Sonair,17349 Briar Crest Plaza,397
727,Bamity,86 Scott Way,811
728,Sonsing,55 Duke Drive,483
729,Holdlamis,0996 Chinook Pass,182
730,Home Ing,57 Carberry Park,743
731,Tin,93 Express Pass,801
732,Asoka,21 Hoard Way,488
733,It,4 Maywood Drive,188
734,Konklux,7494 Leroy Alley,134
735,Span,132 Shoshone Junction,934
736,Solarbreeze,432 Carey Drive,234
737,Stronghold,5546 Meadow Vale Lane,453
738,Voltsillam,1 Hauk Hill,494
739,Daltfresh,3896 Sullivan Parkway,954
740,Keylex,9 Longview Way,794
741,Tres-Zap,913 Crownhardt Street,668
742,Fix San,363 Homewood Street,570
743,Overhold,6 Pond Hill,654
744,Matsoft,54350 Jay Place,643
745,Sub-Ex,39 Fisk Junction,20
746,Konklab,70 Harbort Plaza,388
747,Stringtough,9895 Marquette Plaza,62
748,Konklab,44004 Tomscot Park,945
749,Cardguard,0 Cody Center,485
750,Transcof,70 Nevada Park,266
751,Temp,8519 Clyde Gallagher Junction,171
752,Regrant,941 Lien Park,202
753,Fix San,971 Morrow Hill,269
754,Span,4 Iowa Drive,660
755,Latlux,38 Mayer Lane,580
756,Alpha,528 Ilene Parkway,432
757,Overhold,91142 Melrose Lane,154
758,Biodex,39017 Arapahoe Junction,291
759,Stringtough,47 Elgar Parkway,237
760,Alphazap,35 Talisman Road,734
761,Lotlux,89413 Donald Park,147
762,Gembucket,1 Macpherson Street,701
763,Cardify,1 Hoepker Trail,937
764,It,0321 Hanover Park,54
765,Cardguard,5047 Lake View Court,144
766,Sonsing,6 Lakewood Road,535
767,Voltsillam,5 Bartelt Hill,839
768,Job,14990 American Ash Road,851
769,Y-find,645 North Avenue,970
770,Lotstring,09 Elmside Trail,114
771,Keylex,054 Miller Trail,26
772,Lotlux,87 Hoard Way,889
773,Konklab,9 Elka Terrace,281
774,Ventosanzap,2514 Kingsford Hill,17
775,Duobam,633 Esker Trail,40
776,Asoka,474 Fallview Circle,836
777,Stim,48 Monica Hill,737
778,Sub-Ex,02 Lakewood Gardens Junction,880
779,Overhold,5087 Morningstar Drive,716
780,Fintone,08 Hansons Terrace,473
781,Treeflex,56 Muir Place,316
782,Kanlam,5 Heffernan Trail,725
783,Wrapsafe,60783 Bayside Junction,292
784,Konklab,130 Browning Road,233
785,Andalax,41077 Eastwood Park,638
786,Quo Lux,497 Talmadge Junction,912
787,Voltsillam,0 Cottonwood Park,1
788,Bitchip,32584 Dixon Pass,445
789,Domainer,37568 Dottie Lane,279
790,Fintone,7550 Menomonie Circle,216
791,Flowdesk,52557 Warrior Avenue,417
792,Andalax,6948 Almo Junction,953
793,Kanlam,1 Pearson Way,965
794,Biodex,0720 Manitowish Point,463
795,Tin,25276 Armistice Way,342
796,Konklab,278 Fisk Crossing,909
797,Zaam-Dox,561 Del Mar Crossing,366
798,Sonsing,25880 Starling Lane,904
799,Zamit,7217 Loftsgordon Lane,824
800,Opela,4 Crescent Oaks Drive,686
801,Viva,5915 Artisan Plaza,959
802,Quo Lux,210 Erie Avenue,845
803,Zoolab,990 Jana Trail,589
804,Lotstring,484 Buell Court,625
805,Konklux,9981 Badeau Plaza,322
806,Y-find,79724 Lindbergh Lane,975
807,Latlux,6 Memorial Lane,46
808,Daltfresh,1666 Dovetail Place,554
809,Sonsing,3954 Ridge Oak Way,288
810,Tresom,39327 Logan Junction,555
811,Zontrax,77677 Spenser Point,959
812,Fixflex,34 Delaware Road,583
813,Keylex,25317 Everett Place,472
814,Bamity,796 Scott Avenue,814
815,Zaam-Dox,08723 Manufacturers Alley,922
816,Duobam,9551 4th Avenue,685
817,Cookley,25694 Judy Street,971
818,Home Ing,7847 Anthes Center,978
819,Bytecard,22546 Bowman Junction,426
820,Vagram,11 Fallview Road,845
821,Mat Lam Tam,2431 North Plaza,521
822,Mat Lam Tam,3876 Crowley Avenue,696
823,Flowdesk,51134 Maple Lane,56
824,Quo Lux,923 Eastlawn Trail,936
825,Aerified,524 Warrior Hill,717
826,Hatity,41 Leroy Parkway,998
827,Ventosanzap,9561 Pine View Junction,107
828,Greenlam,2554 Bunting Place,232
829,Keylex,77 Sunfield Junction,124
830,Tempsoft,316 Melvin Center,368
831,Lotstring,11 Paget Circle,397
832,Zontrax,484 Fisk Drive,37
833,Sonsing,35755 Morrow Park,555
834,Zontrax,2 Springview Avenue,899
835,Y-find,2027 Merry Terrace,651
836,Alpha,4255 Clove Pass,428
837,Alpha,255 Dwight Way,150
838,Tempsoft,737 Prairieview Parkway,502
839,Opela,986 Moulton Place,67
840,Kanlam,382 Thackeray Crossing,212
841,Tin,12378 Carpenter Avenue,526
842,Fixflex,42548 Homewood Lane,987
843,Stim,5 Shelley Court,671
844,Holdlamis,836 Pond Center,809
845,Matsoft,566 Merry Avenue,749
846,Fintone,453 Saint Paul Crossing,768
847,Bitwolf,23 Oxford Trail,712
848,Subin,36 Cordelia Terrace,714
849,Opela,76218 Scofield Trail,157
850,Flexidy,7571 Butterfield Parkway,114
851,Tampflex,9 Gulseth Pass,181
852,Zathin,48309 Bultman Court,837
853,Treeflex,481 Dixon Avenue,419
854,Tresom,1 Welch Hill,817
855,Domainer,613 Buell Court,638
856,Trippledex,02996 Northview Court,385
857,Opela,238 Shasta Hill,55
858,Kanlam,80766 Harbort Parkway,701
859,Zoolab,38932 Hermina Pass,290
860,Treeflex,37 Nova Lane,562
861,Vagram,98752 Northport Pass,31
862,Zaam-Dox,297 Oneill Road,62
863,It,76 Acker Way,945
864,Prodder,6466 Gina Point,363
865,Zamit,70479 Goodland Alley,492
866,Redhold,04 Cottonwood Pass,169
867,Bitchip,441 Meadow Valley Court,171
868,Prodder,83 Spohn Place,732
869,Matsoft,59520 Almo Drive,954
870,Otcom,8 Helena Center,786
871,Home Ing,460 Carey Court,99
872,Asoka,0 1st Drive,52
873,Transcof,7102 Artisan Road,820
874,Bitwolf,8 Brickson Park Hill,472
875,Tin,0462 Rutledge Hill,285
876,Asoka,36380 Bayside Court,505
877,Lotlux,4751 Annamark Way,210
878,Fintone,2171 Briar Crest Plaza,301
879,Cardify,82580 Ridgeview Circle,674
880,Bitwolf,3213 Service Court,155
881,Fixflex,43230 Orin Circle,198
882,Ventosanzap,64064 Bellgrove Lane,870
883,Trippledex,37 American Crossing,444
884,Bytecard,86 Manitowish Way,115
885,Overhold,19 Anhalt Way,929
886,Kanlam,5951 Kim Point,692
887,Pannier,90445 Southridge Trail,93
888,Span,34 Village Green Point,364
889,Bitwolf,71 Cottonwood Place,49
890,Latlux,69541 Raven Circle,316
891,Rank,72616 Monument Crossing,91
892,Tin,118 Ramsey Place,426
893,Tres-Zap,478 Lakewood Crossing,179
894,Greenlam,7623 Namekagon Crossing,436
895,Latlux,884 Hooker Center,548
896,Tresom,9 Huxley Junction,652
897,Fixflex,217 Sage Parkway,726
898,Opela,46249 American Ash Crossing,137
899,Bamity,684 Grim Plaza,370
900,Toughjoyfax,7 Grasskamp Trail,41
901,Stronghold,90050 Prairieview Street,605
902,Holdlamis,15990 Summerview Alley,186
903,Subin,79284 Cordelia Alley,421
904,Veribet,971 Westerfield Street,292
905,Biodex,73680 Garrison Pass,419
906,Span,4366 Steensland Way,674
907,Cardguard,67279 Saint Paul Pass,94
908,Biodex,78718 Bonner Parkway,835
909,Cardify,63 Surrey Park,511
910,Domainer,40 Spenser Hill,957
911,Overhold,5615 Derek Alley,267
912,Matsoft,59 Susan Parkway,386
913,Holdlamis,1 Mosinee Road,261
914,Kanlam,44 Petterle Place,576
915,Biodex,14 Heffernan Road,281
916,Bigtax,432 Kinsman Court,891
917,Wrapsafe,1235 Welch Hill,878
918,Kanlam,1 Springs Drive,132
919,Asoka,9 Doe Crossing Park,334
920,Flowdesk,0282 Main Point,879
921,Matsoft,935 Karstens Street,620
922,Zoolab,69 Milwaukee Trail,360
923,Y-Solowarm,4363 Knutson Avenue,515
924,Alphazap,0 Victoria Circle,487
925,Zaam-Dox,7 High Crossing Center,159
926,Bamity,8584 Bunker Hill Drive,530
927,Y-Solowarm,60 Melvin Parkway,961
928,Fixflex,0885 Vahlen Park,258
929,Veribet,06430 Farwell Place,985
930,Treeflex,5 Dapin Center,126
931,Fix San,8 Fuller Road,542
932,Bytecard,0 Northfield Lane,172
933,Voltsillam,67 Browning Pass,295
934,Vagram,4 Stoughton Parkway,486
935,Toughjoyfax,30704 Hintze Parkway,222
936,Fintone,984 Rusk Junction,347
937,Tin,5785 Forest Terrace,177
938,Latlux,4 Briar Crest Road,193
939,Zamit,9988 Canary Place,135
940,Alphazap,400 Anderson Park,62
941,Quo Lux,08 Melrose Avenue,214
942,Asoka,6 Saint Paul Pass,774
943,Tampflex,9 Bluestem Junction,424
944,Aerified,13 Dexter Hill,875
945,Ventosanzap,8196 Talmadge Way,390
946,Quo Lux,9 Northport Circle,150
947,Cardguard,26 Summit Center,283
948,Flexidy,4658 Sheridan Pass,139
949,Trippledex,387 Saint Paul Park,337
950,Lotlux,3655 Sycamore Court,808
951,It,1 Schiller Point,931
952,Quo Lux,3943 Havey Plaza,307
953,Quo Lux,373 Forest Run Drive,679
954,Cardguard,3 Hermina Parkway,399
955,Sonair,60144 Sage Street,984
956,Andalax,039 Emmet Park,226
957,Asoka,499 Pawling Trail,187
958,Hatity,67 Brown Park,3
959,Tempsoft,77900 Susan Trail,616
960,Otcom,577 Eagan Lane,911
961,Bigtax,7307 Homewood Crossing,632
962,Redhold,4 Helena Avenue,947
963,Zontrax,0119 Shelley Pass,611
964,Solarbreeze,3 Granby Hill,97
965,Namfix,315 Mccormick Plaza,962
966,It,851 Chinook Pass,583
967,Greenlam,61121 Oriole Crossing,728
968,Zathin,34743 Mayfield Point,645
969,Bytecard,34547 Scoville Circle,702
970,Namfix,82117 Donald Place,422
971,Sub-Ex,142 Hermina Park,2
972,Sub-Ex,9 Towne Pass,783
973,Daltfresh,5889 Rieder Center,509
974,Flowdesk,35 Pawling Trail,569
975,Otcom,3264 Ilene Trail,401
976,Andalax,421 Green Ridge Avenue,697
977,Prodder,3007 Mandrake Pass,178
978,Opela,51289 Shasta Plaza,3
979,Sub-Ex,378 Mockingbird Terrace,737
980,Cardify,24 Sutteridge Terrace,877
981,Transcof,3810 Kropf Junction,700
982,Daltfresh,8988 Maywood Plaza,620
983,Job,31389 Orin Park,142
984,Voyatouch,91 Prairie Rose Way,1000
985,Quo Lux,05 Sutteridge Place,368
986,Cardify,96 Fremont Park,89
987,Tampflex,76 Mosinee Trail,585
988,Konklux,9 Morrow Street,823
989,Matsoft,817 Valley Edge Way,77
990,Otcom,3 Brickson Park Street,417
991,Flowdesk,94 Esch Street,285
992,Ventosanzap,03999 Luster Avenue,823
993,Sonair,04419 Jay Way,781
994,Zamit,4 West Trail,253
995,Alphazap,8 Emmet Road,568
996,Quo Lux,8 Summerview Place,456
997,Alpha,3135 Shoshone Parkway,422
998,Holdlamis,413 Wayridge Trail,365
999,Cardguard,91 Burrows Street,954
1000,Bigtax,4 Gerald Street,127
